"Ключ";"Количество";"слов";"Частотность";"все";"регионы";"[!Частотность]";"все";"регионы";"Частотность";"по";"региону";"Частотность";"по";"региону";"[!Частотность]";"по";"региону";"Минимальная";"ставка";"в";"директе";"Результатов";"в";"выдаче";"Главных";"страниц";"в";"топ";10;"Главных";"страниц";"в";"топ";50;"Директ";"показы";"первый премиум";"Директ";"клики";"первый премиум";"Директ";"ставка";"первый премиум";"Директ";"бюджет";"первый премиум";"Директ";"ctr";"первый премиум";"Директ";"ставка";"по";"бюджету";"первый премиум";"Директ";"показы";"премиум";"Директ";"клики";"премиум";"Директ";"ставка";"премиум";"Директ";"бюджет";"премиум";"Директ";"ctr";"премиум";"Директ";"ставка";"по";"бюджету";"премиум";"Директ";"показы";"первый стандарт";"Директ";"клики";"первый стандарт";"Директ";"ставка";"первый стандарт";"Директ";"бюджет";"первый стандарт";"Директ";"ctr";"первый стандарт";"Директ";"ставка";"по";"бюджету";"первый стандарт";"Директ";"показы";"гарантия";"Директ";"клики";"гарантия";"Директ";"ставка";"гарантия";"Директ";"бюджет";"гарантия";"Директ";"ctr";"гарантия";"Директ";"ставка";"по";"бюджету";"гарантия"
"сертификация одежды";2;1666;124;413;51;57;"75,7";16000000;0;0;71;5;"3827,3";"823";"0,07039999961853027";"164,6";69;4;"888,6";"438";"0,058000001907348636";"109,5";49;2;"327,2";"8,2";"0,04079999923706055";"4,1";47;2;"75,7";"3,6";"0,042600002288818356";"1,8";;;;;;;;;;;;;;;;;;;;;;;;;;;;;;;;;;;;;;;;;;;;;;;;;;;;;;;;;;;;;;;;;;;;;;;;;;;;;;;;
"сертификация детской одежды";3;432;98;89;32;32;"78,8";24000000;0;0;17;3;"2819,4";"292,8";"0,17649999618530274";"97,6";17;3;"2755";"292,8";"0,17649999618530274";"97,6";11;2;"279,7";"5";"0,1818000030517578";"2,5";11;2;"78,8";"1";"0,1818000030517578";"0,5";;;;;;;;;;;;;;;;;;;;;;;;;;;;;;;;;;;;;;;;;;;;;;;;;;;;;;;;;;;;;;;;;;;;;;;;;;;;;;;;
"сертификация одежды собственного производства";4;207;74;29;17;17;"76";22000000;0;0;8;2;"984,3";"107,4";"0,25";"53,7";8;2;"192,9";"32,21";"0,25";"16,11";3;2;"76";"0,2";"0,6666999816894531";"0,1";3;2;"76";"0,2";"0,6666999816894531";"0,1";;;;;;;;;;;;;;;;;;;;;;;;;;;;;;;;;;;;;;;;;;;;;;;;;;;;;;;;;;;;;;;;;;;;;;;;;;;;;;;;
"сколько стоит сертификация одежды детских";5;16;9;10;9;9;"90,5";28000000;0;0;2;2;"696,4";"53";"1";"26,5";2;2;"90,5";"13";"1";"6,5";2;2;"138,3";"0,6";"1";"0,3";2;2;"138,3";"0,6";"1";"0,3";;;;;;;;;;;;;;;;;;;;;;;;;;;;;;;;;;;;;;;;;;;;;;;;;;;;;;;;;;;;;;;;;;;;;;;;;;;;;;;;
"сертификация детской одежды стоимость";4;46;14;8;8;7;"131,4";24000000;0;0;2;2;"2516,4";"177";"1";"88,5";2;2;"156,7";"20,2";"1";"10,1";2;2;"131,4";"0,6";"1";"0,3";2;2;"131,4";"0,6";"1";"0,3";;;;;;;;;;;;;;;;;;;;;;;;;;;;;;;;;;;;;;;;;;;;;;;;;;;;;;;;;;;;;;;;;;;;;;;;;;;;;;;;
"сертификация детской одежды в россии";5;38;19;7;5;5;"27,3";24000000;0;0;2;2;"962,5";"11,8";"1";"5,9";2;2;"39";"2,8";"1";"1,4";2;2;"27,3";"0,2";"1";"0,1";2;2;"27,3";"0,2";"1";"0,1";;;;;;;;;;;;;;;;;;;;;;;;;;;;;;;;;;;;;;;;;;;;;;;;;;;;;;;;;;;;;;;;;;;;;;;;;;;;;;;;
"сертификация санитарной одежды";3;10;5;5;0;5;"0,3";16000000;0;0;0;0;"0,3";"0";"0";"0";0;0;"0,3";"0";"0";"0";0;0;"0,3";"0";"0";"0";0;0;"0,3";"0";"0";"0";;;;;;;;;;;;;;;;;;;;;;;;;;;;;;;;;;;;;;;;;;;;;;;;;;;;;;;;;;;;;;;;;;;;;;;;;;;;;;;;
"обязательная сертификация одежды";3;160;5;38;4;4;"0,3";20000000;0;0;2;2;"2347,9";"3,8";"1";"1,9";2;2;"2317,3";"3,8";"1";"1,9";0;0;"0,3";"0";"0";"0";0;0;"0,3";"0";"0";"0";;;;;;;;;;;;;;;;;;;;;;;;;;;;;;;;;;;;;;;;;;;;;;;;;;;;;;;;;;;;;;;;;;;;;;;;;;;;;;;;
"сертификация одежды собственного производства цена";5;38;35;4;3;4;"83,1";22000000;0;0;5;2;"799,4";"102,8";"0,4";"51,4";4;2;"117,9";"18,2";"0,5";"9,1";2;2;"83,1";"0,8";"1";"0,4";2;2;"83,1";"0,8";"1";"0,4";;;;;;;;;;;;;;;;;;;;;;;;;;;;;;;;;;;;;;;;;;;;;;;;;;;;;;;;;;;;;;;;;;;;;;;;;;;;;;;;
"сертификация одежды для ип";4;49;20;7;6;3;"41,3";17000000;0;0;3;2;"136,1";"7,2";"0,6666999816894531";"3,6";3;2;"68,2";"5";"0,6666999816894531";"2,5";2;2;"41,3";"0,2";"1";"0,1";2;2;"41,3";"0,2";"1";"0,1";;;;;;;;;;;;;;;;;;;;;;;;;;;;;;;;;;;;;;;;;;;;;;;;;;;;;;;;;;;;;;;;;;;;;;;;;;;;;;;;
"нужна ли сертификация на одежду";5;38;7;13;3;3;"35,1";15000000;0;0;2;2;"146,4";"7";"1";"3,5";2;2;"45,5";"1";"1";"0,5";2;2;"35,1";"0,2";"1";"0,1";2;2;"35,1";"0,2";"1";"0,1";;;;;;;;;;;;;;;;;;;;;;;;;;;;;;;;;;;;;;;;;;;;;;;;;;;;;;;;;;;;;;;;;;;;;;;;;;;;;;;;
"сертификация одежды для новорожденных";4;23;19;3;3;3;"0,3";17000000;0;0;2;2;"116,1";"2,6";"1";"1,3";2;2;"76,3";"1";"1";"0,5";0;0;"0,3";"0";"0";"0";0;0;"0,3";"0";"0";"0";;;;;;;;;;;;;;;;;;;;;;;;;;;;;;;;;;;;;;;;;;;;;;;;;;;;;;;;;;;;;;;;;;;;;;;;;;;;;;;;
"сертификация одежды стоимость";3;62;3;12;3;3;"0,3";18000000;0;0;2;2;"899";"24,6";"1";"12,3";2;2;"83";"8,2";"1";"4,1";0;0;"0,3";"0";"0";"0";0;0;"0,3";"0";"0";"0";;;;;;;;;;;;;;;;;;;;;;;;;;;;;;;;;;;;;;;;;;;;;;;;;;;;;;;;;;;;;;;;;;;;;;;;;;;;;;;;
"какая одежда подлежит обязательной сертификации";5;12;4;5;4;3;"0,3";8000000;0;0;2;2;"96";"5";"1";"2,5";2;2;"96";"5";"1";"2,5";0;0;"0,3";"0";"0";"0";0;0;"0,3";"0";"0";"0";;;;;;;;;;;;;;;;;;;;;;;;;;;;;;;;;;;;;;;;;;;;;;;;;;;;;;;;;;;;;;;;;;;;;;;;;;;;;;;;
"сколько стоит сертификация детской одежды";5;8;4;4;3;3;"90,5";26000000;0;0;2;2;"696,4";"53";"1";"26,5";2;2;"90,5";"13";"1";"6,5";2;2;"138,3";"0,6";"1";"0,3";2;2;"138,3";"0,6";"1";"0,3";;;;;;;;;;;;;;;;;;;;;;;;;;;;;;;;;;;;;;;;;;;;;;;;;;;;;;;;;;;;;;;;;;;;;;;;;;;;;;;;
"сертификация детской одежды цена";4;11;5;3;3;3;"0,3";26000000;0;0;0;0;"0,3";"0";"0";"0";0;0;"0,3";"0";"0";"0";0;0;"0,3";"0";"0";"0";0;0;"0,3";"0";"0";"0";;;;;;;;;;;;;;;;;;;;;;;;;;;;;;;;;;;;;;;;;;;;;;;;;;;;;;;;;;;;;;;;;;;;;;;;;;;;;;;;
"сертификация одежды для ип в москве";6;7;7;2;2;2;"0,3";15000000;0;1;0;0;"0,3";"0";"0";"0";0;0;"0,3";"0";"0";"0";0;0;"0,3";"0";"0";"0";0;0;"0,3";"0";"0";"0";;;;;;;;;;;;;;;;;;;;;;;;;;;;;;;;;;;;;;;;;;;;;;;;;;;;;;;;;;;;;;;;;;;;;;;;;;;;;;;;
"сертификация детской одежды собственного производства";5;61;24;3;2;2;"30,4";22000000;0;0;3;2;"108,1";"6,6";"0,6666999816894531";"3,3";2;2;"30,4";"1,2";"1";"0,6";2;2;"53,2";"0,2";"1";"0,1";2;2;"53,2";"0,2";"1";"0,1";;;;;;;;;;;;;;;;;;;;;;;;;;;;;;;;;;;;;;;;;;;;;;;;;;;;;;;;;;;;;;;;;;;;;;;;;;;;;;;;
"сертификация одежды для вайлдберриз";4;20;11;5;4;2;"0,3";5000000;0;2;0;0;"0,3";"0";"0";"0";0;0;"0,3";"0";"0";"0";0;0;"0,3";"0";"0";"0";0;0;"0,3";"0";"0";"0";;;;;;;;;;;;;;;;;;;;;;;;;;;;;;;;;;;;;;;;;;;;;;;;;;;;;;;;;;;;;;;;;;;;;;;;;;;;;;;;
"сколько стоит сертификация одежды";4;31;6;11;2;2;"60,1";22000000;0;0;3;2;"218,7";"29,6";"0,6666999816894531";"14,8";3;2;"111,5";"3,8";"0,6666999816894531";"1,9";2;2;"60,1";"0,2";"1";"0,1";2;2;"60,1";"0,2";"1";"0,1";;;;;;;;;;;;;;;;;;;;;;;;;;;;;;;;;;;;;;;;;;;;;;;;;;;;;;;;;;;;;;;;;;;;;;;;;;;;;;;;
"подлежит ли сертификации одежда";4;48;3;15;4;2;"0,3";13000000;0;0;0;0;"0,3";"0";"0";"0";0;0;"0,3";"0";"0";"0";0;0;"0,3";"0";"0";"0";0;0;"0,3";"0";"0";"0";;;;;;;;;;;;;;;;;;;;;;;;;;;;;;;;;;;;;;;;;;;;;;;;;;;;;;;;;;;;;;;;;;;;;;;;;;;;;;;;
"сертификация одежды из китая";4;18;7;3;2;2;"0,3";18000000;0;1;0;0;"0,3";"0";"0";"0";0;0;"0,3";"0";"0";"0";0;0;"0,3";"0";"0";"0";0;0;"0,3";"0";"0";"0";;;;;;;;;;;;;;;;;;;;;;;;;;;;;;;;;;;;;;;;;;;;;;;;;;;;;;;;;;;;;;;;;;;;;;;;;;;;;;;;
"сертификация одежды для детей";4;43;36;4;2;2;"0,3";16000000;0;0;0;0;"0,3";"0";"0";"0";2;2;"117,5";"0,8";"1";"0,4";0;0;"0,3";"0";"0";"0";0;0;"0,3";"0";"0";"0";;;;;;;;;;;;;;;;;;;;;;;;;;;;;;;;;;;;;;;;;;;;;;;;;;;;;;;;;;;;;;;;;;;;;;;;;;;;;;;;
"сертификация верхней одежды";3;29;3;9;1;1;"0,3";11000000;0;0;0;0;"0,3";"0";"0";"0";0;0;"0,3";"0";"0";"0";0;0;"0,3";"0";"0";"0";0;0;"0,3";"0";"0";"0";;;;;;;;;;;;;;;;;;;;;;;;;;;;;;;;;;;;;;;;;;;;;;;;;;;;;;;;;;;;;;;;;;;;;;;;;;;;;;;;
"одежда сертификация";2;1659;4;408;51;1;"75,7";16000000;0;0;71;5;"3827,3";"823";"0,07039999961853027";"164,6";69;4;"888,6";"438";"0,058000001907348636";"109,5";49;2;"327,2";"8,2";"0,04079999923706055";"4,1";47;2;"75,7";"3,6";"0,042600002288818356";"1,8";;;;;;;;;;;;;;;;;;;;;;;;;;;;;;;;;;;;;;;;;;;;;;;;;;;;;;;;;;;;;;;;;;;;;;;;;;;;;;;;
"детская одежда подлежит обязательной сертификации";5;26;1;2;1;1;"0,3";18000000;0;0;0;0;"0,3";"0";"0";"0";0;0;"0,3";"0";"0";"0";0;0;"0,3";"0";"0";"0";0;0;"0,3";"0";"0";"0";;;;;;;;;;;;;;;;;;;;;;;;;;;;;;;;;;;;;;;;;;;;;;;;;;;;;;;;;;;;;;;;;;;;;;;;;;;;;;;;
"детская одежда подлежит сертификации";4;17;3;4;1;1;"75,8";7000000;0;0;3;2;"605,1";"13,2";"0,6666999816894531";"6,6";2;2;"75,8";"3";"1";"1,5";2;2;"101,1";"0,2";"1";"0,1";2;2;"101,1";"0,2";"1";"0,1";;;;;;;;;;;;;;;;;;;;;;;;;;;;;;;;;;;;;;;;;;;;;;;;;;;;;;;;;;;;;;;;;;;;;;;;;;;;;;;;
"обязательна ли сертификация одежды";4;53;2;13;1;1;"70,3";17000000;0;0;3;2;"96,2";"4";"0,6666999816894531";"2";2;2;"70,3";"2";"1";"1";2;2;"77,9";"0,2";"1";"0,1";2;2;"77,9";"0,2";"1";"0,1";;;;;;;;;;;;;;;;;;;;;;;;;;;;;;;;;;;;;;;;;;;;;;;;;;;;;;;;;;;;;;;;;;;;;;;;;;;;;;;;
"сертификация детской одежды собственного производства в россии";7;10;9;1;1;1;"0,3";22000000;0;0;0;0;"0,3";"0";"0";"0";0;0;"0,3";"0";"0";"0";0;0;"0,3";"0";"0";"0";0;0;"0,3";"0";"0";"0";;;;;;;;;;;;;;;;;;;;;;;;;;;;;;;;;;;;;;;;;;;;;;;;;;;;;;;;;;;;;;;;;;;;;;;;;;;;;;;;
"сертификация одежды 2 слой";4;14;1;2;1;1;"0,3";26000000;0;0;0;0;"0,3";"0";"0";"0";0;0;"0,3";"0";"0";"0";0;0;"0,3";"0";"0";"0";0;0;"0,3";"0";"0";"0";;;;;;;;;;;;;;;;;;;;;;;;;;;;;;;;;;;;;;;;;;;;;;;;;;;;;;;;;;;;;;;;;;;;;;;;;;;;;;;;
"сертификация медицинской одежды";3;39;5;3;1;1;"42";16000000;0;0;6;2;"1176,7";"40,2";"0,3333000183105469";"20,1";5;2;"118,1";"4";"0,4";"2";3;2;"70,2";"0,6";"0,6666999816894531";"0,3";2;2;"42";"0,2";"1";"0,1";;;;;;;;;;;;;;;;;;;;;;;;;;;;;;;;;;;;;;;;;;;;;;;;;;;;;;;;;;;;;;;;;;;;;;;;;;;;;;;;
"одежда подлежит обязательной сертификации";4;66;2;21;9;1;"96,3";10000000;0;0;3;2;"139,9";"9,6";"0,6666999816894531";"4,8";3;2;"96,3";"2,2";"0,6666999816894531";"1,1";3;2;"127,5";"0,2";"0,6666999816894531";"0,1";3;2;"127,5";"0,2";"0,6666999816894531";"0,1";;;;;;;;;;;;;;;;;;;;;;;;;;;;;;;;;;;;;;;;;;;;;;;;;;;;;;;;;;;;;;;;;;;;;;;;;;;;;;;;
"сертификация детской одежды собственного производства в россии цена";8;9;1;1;1;1;"0,3";30000000;0;0;0;0;"0,3";"0";"0";"0";0;0;"0,3";"0";"0";"0";0;0;"0,3";"0";"0";"0";0;0;"0,3";"0";"0";"0";;;;;;;;;;;;;;;;;;;;;;;;;;;;;;;;;;;;;;;;;;;;;;;;;;;;;;;;;;;;;;;;;;;;;;;;;;;;;;;;
"подлежит ли одежда обязательной сертификации";5;27;6;5;1;1;"95,8";18000000;0;0;3;2;"118,5";"1,2";"0,6666999816894531";"0,6";3;2;"118,5";"1,2";"0,6666999816894531";"0,6";2;2;"95,8";"0,2";"1";"0,1";2;2;"95,8";"0,2";"1";"0,1";;;;;;;;;;;;;;;;;;;;;;;;;;;;;;;;;;;;;;;;;;;;;;;;;;;;;;;;;;;;;;;;;;;;;;;;;;;;;;;;
"сертификация детской одежды собственного производства цена";6;9;1;2;0;1;"0,3";35000000;0;0;0;0;"0,3";"0";"0";"0";0;0;"0,3";"0";"0";"0";0;0;"0,3";"0";"0";"0";0;0;"0,3";"0";"0";"0";;;;;;;;;;;;;;;;;;;;;;;;;;;;;;;;;;;;;;;;;;;;;;;;;;;;;;;;;;;;;;;;;;;;;;;;;;;;;;;;
"сертификация одежды нужна ли";4;66;1;21;1;1;"0,3";15000000;0;0;2;2;"101,7";"1,6";"1";"0,8";2;2;"101,7";"1,6";"1";"0,8";0;0;"0,3";"0";"0";"0";0;0;"0,3";"0";"0";"0";;;;;;;;;;;;;;;;;;;;;;;;;;;;;;;;;;;;;;;;;;;;;;;;;;;;;;;;;;;;;;;;;;;;;;;;;;;;;;;;
"сертификация спортивной одежды";3;16;5;2;1;1;"0,3";9000000;0;1;0;0;"0,3";"0";"0";"0";0;0;"0,3";"0";"0";"0";0;0;"0,3";"0";"0";"0";0;0;"0,3";"0";"0";"0";;;;;;;;;;;;;;;;;;;;;;;;;;;;;;;;;;;;;;;;;;;;;;;;;;;;;;;;;;;;;;;;;;;;;;;;;;;;;;;;
"как проходит сертификация одежды";4;8;1;0;1;0;"0,3";11000000;0;0;0;0;"0,3";"0";"0";"0";0;0;"0,3";"0";"0";"0";0;0;"0,3";"0";"0";"0";0;0;"0,3";"0";"0";"0";;;;;;;;;;;;;;;;;;;;;;;;;;;;;;;;;;;;;;;;;;;;;;;;;;;;;;;;;;;;;;;;;;;;;;;;;;;;;;;;
"что нужно для сертификации одежды";5;1;1;0;0;0;"0,3";12000000;0;0;0;0;"0,3";"0";"0";"0";0;0;"0,3";"0";"0";"0";0;0;"0,3";"0";"0";"0";0;0;"0,3";"0";"0";"0";;;;;;;;;;;;;;;;;;;;;;;;;;;;;;;;;;;;;;;;;;;;;;;;;;;;;;;;;;;;;;;;;;;;;;;;;;;;;;;;
"сертификация женской одежды";3;30;3;8;0;0;"0,3";16000000;0;0;0;0;"0,3";"0";"0";"0";0;0;"0,3";"0";"0";"0";0;0;"0,3";"0";"0";"0";0;0;"0,3";"0";"0";"0";;;;;;;;;;;;;;;;;;;;;;;;;;;;;;;;;;;;;;;;;;;;;;;;;;;;;;;;;;;;;;;;;;;;;;;;;;;;;;;;
"детская одежда сертификация";3;439;7;86;29;0;"78,8";14000000;0;0;17;3;"2819,4";"292,8";"0,17649999618530274";"97,6";17;3;"2755";"292,8";"0,17649999618530274";"97,6";11;2;"279,7";"5";"0,1818000030517578";"2,5";11;2;"78,8";"1";"0,1818000030517578";"0,5";;;;;;;;;;;;;;;;;;;;;;;;;;;;;;;;;;;;;;;;;;;;;;;;;;;;;;;;;;;;;;;;;;;;;;;;;;;;;;;;
"спортивная одежда сертификация";3;16;1;2;1;0;"0,3";10000000;0;0;0;0;"0,3";"0";"0";"0";0;0;"0,3";"0";"0";"0";0;0;"0,3";"0";"0";"0";0;0;"0,3";"0";"0";"0";;;;;;;;;;;;;;;;;;;;;;;;;;;;;;;;;;;;;;;;;;;;;;;;;;;;;;;;;;;;;;;;;;;;;;;;;;;;;;;;
"обязательная сертификация детской одежды";4;150;2;5;1;0;"0,3";10000000;0;0;0;0;"0,3";"0";"0";"0";0;0;"0,3";"0";"0";"0";0;0;"0,3";"0";"0";"0";0;0;"0,3";"0";"0";"0";;;;;;;;;;;;;;;;;;;;;;;;;;;;;;;;;;;;;;;;;;;;;;;;;;;;;;;;;;;;;;;;;;;;;;;;;;;;;;;;
"сертификация домашней одежды";3;5;3;1;0;0;"0,3";18000000;0;0;0;0;"0,3";"0";"0";"0";0;0;"0,3";"0";"0";"0";0;0;"0,3";"0";"0";"0";0;0;"0,3";"0";"0";"0";;;;;;;;;;;;;;;;;;;;;;;;;;;;;;;;;;;;;;;;;;;;;;;;;;;;;;;;;;;;;;;;;;;;;;;;;;;;;;;;
"одежда подлежащая обязательной сертификации";4;66;2;20;0;0;"96,3";9000000;0;0;3;2;"139,9";"9,6";"0,6666999816894531";"4,8";3;2;"96,3";"2,2";"0,6666999816894531";"1,1";3;2;"127,5";"0,2";"0,6666999816894531";"0,1";3;2;"127,5";"0,2";"0,6666999816894531";"0,1";;;;;;;;;;;;;;;;;;;;;;;;;;;;;;;;;;;;;;;;;;;;;;;;;;;;;;;;;;;;;;;;;;;;;;;;;;;;;;;;
"сертификация одежды в россии";4;66;2;13;0;0;"0,3";16000000;0;0;7;2;"668";"59,4";"0,28569999694824216";"29,7";7;2;"120,4";"12,8";"0,28569999694824216";"6,4";0;0;"0,3";"0";"0";"0";0;0;"0,3";"0";"0";"0";;;;;;;;;;;;;;;;;;;;;;;;;;;;;;;;;;;;;;;;;;;;;;;;;;;;;;;;;;;;;;;;;;;;;;;;;;;;;;;;
"сертификация одежды москва";3;11;1;4;0;0;"0,3";13000000;0;0;0;0;"0,3";"0";"0";"0";0;0;"0,3";"0";"0";"0";0;0;"0,3";"0";"0";"0";0;0;"0,3";"0";"0";"0";;;;;;;;;;;;;;;;;;;;;;;;;;;;;;;;;;;;;;;;;;;;;;;;;;;;;;;;;;;;;;;;;;;;;;;;;;;;;;;;
"сертификация одежды цена";3;88;19;10;0;0;"0,3";24000000;0;0;2;2;"835,9";"12,4";"1";"6,2";2;2;"85,8";"4";"1";"2";0;0;"0,3";"0";"0";"0";0;0;"0,3";"0";"0";"0";;;;;;;;;;;;;;;;;;;;;;;;;;;;;;;;;;;;;;;;;;;;;;;;;;;;;;;;;;;;;;;;;;;;;;;;;;;;;;;;
"стоимость сертификации одежды";3;47;3;6;1;0;"0,3";18000000;0;0;2;2;"899";"24,6";"1";"12,3";2;2;"83";"8,2";"1";"4,1";0;0;"0,3";"0";"0";"0";0;0;"0,3";"0";"0";"0";;;;;;;;;;;;;;;;;;;;;;;;;;;;;;;;;;;;;;;;;;;;;;;;;;;;;;;;;;;;;;;;;;;;;;;;;;;;;;;;
"подлежит ли одежда обязательной сертификации 2020";6;1;1;0;1;0;"0,3";25000000;0;0;0;0;"0,3";"0";"0";"0";0;0;"0,3";"0";"0";"0";0;0;"0,3";"0";"0";"0";0;0;"0,3";"0";"0";"0";;;;;;;;;;;;;;;;;;;;;;;;;;;;;;;;;;;;;;;;;;;;;;;;;;;;;;;;;;;;;;;;;;;;;;;;;;;;;;;;
;;;;;;;;;;;;;;;;;;;;;;;;;;;;;;;;;;;;;;;;;;;;;;;;;;;;;;;;;;;;;;;;;;;;;;;;;;;;;;;;;;;;;;;;;;;;;;;;;;;;;;;;;;;;;;;;;;
;;;;;;;;;;;;;;;;;;;;;;;;;;;;;;;;;;;;;;;;;;;;;;;;;;;;;;;;;;;;;;;;;;;;;;;;;;;;;;;;;;;;;;;;;;;;;;;;;;;;;;;;;;;;;;;;;;
;;;;;;;;;;;;;;;;;;;;;;;;;;;;;;;;;;;;;;;;;;;;;;;;;;;;;;;;;;;;;;;;;;;;;;;;;;;;;;;;;;;;;;;;;;;;;;;;;;;;;;;;;;;;;;;;;;
"одежда сертификация";98;10;2;1659;4;408;51;1;"7570";16000000;0;0;;;;;;;;;;;;;;;;;;;;;;;;;;;;;;;;;;;;;;;;;;;;;;;;;;;;;;;;;;;;;;;;;;;;;;;;;;;;;;;;;;;;;;;;;;;;;;;;;;;;;;
"сертифицировать одежду";86;8;2;1200;2;156;0;0;"30";13000000;0;0;;;;;;;;;;;;;;;;;;;;;;;;;;;;;;;;;;;;;;;;;;;;;;;;;;;;;;;;;;;;;;;;;;;;;;;;;;;;;;;;;;;;;;;;;;;;;;;;;;;;;;
"сертификация женской одежды";86;8;3;30;3;8;0;0;"30";16000000;0;0;;;;;;;;;;;;;;;;;;;;;;;;;;;;;;;;;;;;;;;;;;;;;;;;;;;;;;;;;;;;;;;;;;;;;;;;;;;;;;;;;;;;;;;;;;;;;;;;;;;;;;
"сертификация верхней одежды";85;8;3;29;3;9;1;1;"30";11000000;0;0;;;;;;;;;;;;;;;;;;;;;;;;;;;;;;;;;;;;;;;;;;;;;;;;;;;;;;;;;;;;;;;;;;;;;;;;;;;;;;;;;;;;;;;;;;;;;;;;;;;;;;
"обязательная сертификация одежды";81;7;3;160;5;38;4;4;"30";20000000;0;0;;;;;;;;;;;;;;;;;;;;;;;;;;;;;;;;;;;;;;;;;;;;;;;;;;;;;;;;;;;;;;;;;;;;;;;;;;;;;;;;;;;;;;;;;;;;;;;;;;;;;;
"сертификат на женскую одежду";80;8;4;60;5;10;0;0;"30";11000000;0;0;;;;;;;;;;;;;;;;;;;;;;;;;;;;;;;;;;;;;;;;;;;;;;;;;;;;;;;;;;;;;;;;;;;;;;;;;;;;;;;;;;;;;;;;;;;;;;;;;;;;;;
"сертификат качества одежды";80;8;3;146;1;28;1;1;"30";21000000;0;0;;;;;;;;;;;;;;;;;;;;;;;;;;;;;;;;;;;;;;;;;;;;;;;;;;;;;;;;;;;;;;;;;;;;;;;;;;;;;;;;;;;;;;;;;;;;;;;;;;;;;;
"сертификация одежды для ип";80;7;4;49;20;7;6;3;"4130";17000000;0;0;;;;;;;;;;;;;;;;;;;;;;;;;;;;;;;;;;;;;;;;;;;;;;;;;;;;;;;;;;;;;;;;;;;;;;;;;;;;;;;;;;;;;;;;;;;;;;;;;;;;;;
"сертификат качества на одежду";79;8;4;126;12;32;6;5;"4170";20000000;0;0;;;;;;;;;;;;;;;;;;;;;;;;;;;;;;;;;;;;;;;;;;;;;;;;;;;;;;;;;;;;;;;;;;;;;;;;;;;;;;;;;;;;;;;;;;;;;;;;;;;;;;
"сертификация одежды собственного производства";79;8;4;207;74;29;17;17;"7600";22000000;0;0;;;;;;;;;;;;;;;;;;;;;;;;;;;;;;;;;;;;;;;;;;;;;;;;;;;;;;;;;;;;;;;;;;;;;;;;;;;;;;;;;;;;;;;;;;;;;;;;;;;;;;
"сертификация одежды в россии";75;6;4;66;2;13;0;0;"30";16000000;0;0;;;;;;;;;;;;;;;;;;;;;;;;;;;;;;;;;;;;;;;;;;;;;;;;;;;;;;;;;;;;;;;;;;;;;;;;;;;;;;;;;;;;;;;;;;;;;;;;;;;;;;
"сертификат на одежду собственного производства";74;7;5;70;11;21;6;6;"30";17000000;0;0;;;;;;;;;;;;;;;;;;;;;;;;;;;;;;;;;;;;;;;;;;;;;;;;;;;;;;;;;;;;;;;;;;;;;;;;;;;;;;;;;;;;;;;;;;;;;;;;;;;;;;
"сертификаты на женскую одежду";74;7;4;56;2;20;0;0;"30";19000000;0;0;;;;;;;;;;;;;;;;;;;;;;;;;;;;;;;;;;;;;;;;;;;;;;;;;;;;;;;;;;;;;;;;;;;;;;;;;;;;;;;;;;;;;;;;;;;;;;;;;;;;;;
"получить сертификат на одежду собственного производства";74;7;6;33;2;6;0;0;"30";19000000;0;0;;;;;;;;;;;;;;;;;;;;;;;;;;;;;;;;;;;;;;;;;;;;;;;;;;;;;;;;;;;;;;;;;;;;;;;;;;;;;;;;;;;;;;;;;;;;;;;;;;;;;;
"какая одежда подлежит обязательной сертификации";73;5;5;12;4;5;4;3;"30";8000000;0;0;;;;;;;;;;;;;;;;;;;;;;;;;;;;;;;;;;;;;;;;;;;;;;;;;;;;;;;;;;;;;;;;;;;;;;;;;;;;;;;;;;;;;;;;;;;;;;;;;;;;;;
"сертифицированная одежда";72;7;2;2411;3;192;1;0;"30";15000000;0;0;;;;;;;;;;;;;;;;;;;;;;;;;;;;;;;;;;;;;;;;;;;;;;;;;;;;;;;;;;;;;;;;;;;;;;;;;;;;;;;;;;;;;;;;;;;;;;;;;;;;;;
"сертификаты для одежды";72;7;3;630;6;167;1;0;"30";16000000;0;0;;;;;;;;;;;;;;;;;;;;;;;;;;;;;;;;;;;;;;;;;;;;;;;;;;;;;;;;;;;;;;;;;;;;;;;;;;;;;;;;;;;;;;;;;;;;;;;;;;;;;;
"сертификат соответствия на одежду образец";71;6;5;13;8;5;3;1;"1230";11000000;0;0;;;;;;;;;;;;;;;;;;;;;;;;;;;;;;;;;;;;;;;;;;;;;;;;;;;;;;;;;;;;;;;;;;;;;;;;;;;;;;;;;;;;;;;;;;;;;;;;;;;;;;
"сертификация одежды нужна ли";70;6;4;66;1;21;1;1;"30";15000000;0;0;;;;;;;;;;;;;;;;;;;;;;;;;;;;;;;;;;;;;;;;;;;;;;;;;;;;;;;;;;;;;;;;;;;;;;;;;;;;;;;;;;;;;;;;;;;;;;;;;;;;;;
"сертификат одежда";70;7;2;4017;5;887;3;2;"1360";17000000;0;0;;;;;;;;;;;;;;;;;;;;;;;;;;;;;;;;;;;;;;;;;;;;;;;;;;;;;;;;;;;;;;;;;;;;;;;;;;;;;;;;;;;;;;;;;;;;;;;;;;;;;;
"обязательно ли сертифицировать одежду";69;6;4;5;2;1;0;0;"1950";13000000;0;0;;;;;;;;;;;;;;;;;;;;;;;;;;;;;;;;;;;;;;;;;;;;;;;;;;;;;;;;;;;;;;;;;;;;;;;;;;;;;;;;;;;;;;;;;;;;;;;;;;;;;;
"сертификат качества на одежду для ип";68;7;6;12;9;1;0;0;"30";24000000;0;0;;;;;;;;;;;;;;;;;;;;;;;;;;;;;;;;;;;;;;;;;;;;;;;;;;;;;;;;;;;;;;;;;;;;;;;;;;;;;;;;;;;;;;;;;;;;;;;;;;;;;;
"получить сертификат на одежду";68;7;4;291;3;44;1;0;"7620";17000000;0;0;;;;;;;;;;;;;;;;;;;;;;;;;;;;;;;;;;;;;;;;;;;;;;;;;;;;;;;;;;;;;;;;;;;;;;;;;;;;;;;;;;;;;;;;;;;;;;;;;;;;;;
"декларация на одежду собственного производства";68;6;5;14;7;2;1;1;"30";10000000;0;0;;;;;;;;;;;;;;;;;;;;;;;;;;;;;;;;;;;;;;;;;;;;;;;;;;;;;;;;;;;;;;;;;;;;;;;;;;;;;;;;;;;;;;;;;;;;;;;;;;;;;;
"одежда подлежит обязательной сертификации";68;5;4;66;2;21;9;1;"9630";10000000;0;0;;;;;;;;;;;;;;;;;;;;;;;;;;;;;;;;;;;;;;;;;;;;;;;;;;;;;;;;;;;;;;;;;;;;;;;;;;;;;;;;;;;;;;;;;;;;;;;;;;;;;;
"подлежит ли одежда обязательной сертификации";67;5;5;27;6;5;1;1;"9580";18000000;0;0;;;;;;;;;;;;;;;;;;;;;;;;;;;;;;;;;;;;;;;;;;;;;;;;;;;;;;;;;;;;;;;;;;;;;;;;;;;;;;;;;;;;;;;;;;;;;;;;;;;;;;
"сертификат соответствия одежда";67;6;3;428;1;94;1;1;"30";13000000;0;0;;;;;;;;;;;;;;;;;;;;;;;;;;;;;;;;;;;;;;;;;;;;;;;;;;;;;;;;;;;;;;;;;;;;;;;;;;;;;;;;;;;;;;;;;;;;;;;;;;;;;;
"сертификат женская одежда";67;7;3;184;3;35;0;0;"1590";7000000;0;0;;;;;;;;;;;;;;;;;;;;;;;;;;;;;;;;;;;;;;;;;;;;;;;;;;;;;;;;;;;;;;;;;;;;;;;;;;;;;;;;;;;;;;;;;;;;;;;;;;;;;;
"сертификаты качества на одежду";66;7;4;120;5;30;4;1;"4170";12000000;0;0;;;;;;;;;;;;;;;;;;;;;;;;;;;;;;;;;;;;;;;;;;;;;;;;;;;;;;;;;;;;;;;;;;;;;;;;;;;;;;;;;;;;;;;;;;;;;;;;;;;;;;
"одежда сертификат соответствия";66;8;3;428;1;94;1;1;"30";18000000;0;0;;;;;;;;;;;;;;;;;;;;;;;;;;;;;;;;;;;;;;;;;;;;;;;;;;;;;;;;;;;;;;;;;;;;;;;;;;;;;;;;;;;;;;;;;;;;;;;;;;;;;;
"декларация одежды собственного производства цена";66;7;5;4;2;2;0;0;"30";32000000;0;0;;;;;;;;;;;;;;;;;;;;;;;;;;;;;;;;;;;;;;;;;;;;;;;;;;;;;;;;;;;;;;;;;;;;;;;;;;;;;;;;;;;;;;;;;;;;;;;;;;;;;;
"одежда подлежащая обязательной сертификации";66;5;4;66;2;20;0;0;"9630";9000000;0;0;;;;;;;;;;;;;;;;;;;;;;;;;;;;;;;;;;;;;;;;;;;;;;;;;;;;;;;;;;;;;;;;;;;;;;;;;;;;;;;;;;;;;;;;;;;;;;;;;;;;;;
"декларация одежды собственного производства стоимость";66;7;5;2;2;1;1;1;"30";22000000;0;0;;;;;;;;;;;;;;;;;;;;;;;;;;;;;;;;;;;;;;;;;;;;;;;;;;;;;;;;;;;;;;;;;;;;;;;;;;;;;;;;;;;;;;;;;;;;;;;;;;;;;;
"сертификаты соответствия на одежду";65;7;4;294;5;58;13;1;"11190";15000000;0;0;;;;;;;;;;;;;;;;;;;;;;;;;;;;;;;;;;;;;;;;;;;;;;;;;;;;;;;;;;;;;;;;;;;;;;;;;;;;;;;;;;;;;;;;;;;;;;;;;;;;;;
"обязательна ли сертификация одежды";65;5;4;53;2;13;1;1;"7030";17000000;0;0;;;;;;;;;;;;;;;;;;;;;;;;;;;;;;;;;;;;;;;;;;;;;;;;;;;;;;;;;;;;;;;;;;;;;;;;;;;;;;;;;;;;;;;;;;;;;;;;;;;;;;
"сертификация одежды для ип в москве";65;7;6;7;7;2;2;2;"30";15000000;0;1;;;;;;;;;;;;;;;;;;;;;;;;;;;;;;;;;;;;;;;;;;;;;;;;;;;;;;;;;;;;;;;;;;;;;;;;;;;;;;;;;;;;;;;;;;;;;;;;;;;;;;
"сертификат на одежду собственного производства москва";64;7;6;4;2;2;1;2;"30";21000000;0;1;;;;;;;;;;;;;;;;;;;;;;;;;;;;;;;;;;;;;;;;;;;;;;;;;;;;;;;;;;;;;;;;;;;;;;;;;;;;;;;;;;;;;;;;;;;;;;;;;;;;;;
"на какую одежду нужны сертификаты";64;5;5;54;2;7;1;0;"30";17000000;0;0;;;;;;;;;;;;;;;;;;;;;;;;;;;;;;;;;;;;;;;;;;;;;;;;;;;;;;;;;;;;;;;;;;;;;;;;;;;;;;;;;;;;;;;;;;;;;;;;;;;;;;
"как получить сертификат на одежду собственного производства";64;6;7;25;13;4;2;2;"30";18000000;0;0;;;;;;;;;;;;;;;;;;;;;;;;;;;;;;;;;;;;;;;;;;;;;;;;;;;;;;;;;;;;;;;;;;;;;;;;;;;;;;;;;;;;;;;;;;;;;;;;;;;;;;
"нужно ли сертифицировать одежду собственного производства";63;5;6;8;8;1;1;1;"30";17000000;0;0;;;;;;;;;;;;;;;;;;;;;;;;;;;;;;;;;;;;;;;;;;;;;;;;;;;;;;;;;;;;;;;;;;;;;;;;;;;;;;;;;;;;;;;;;;;;;;;;;;;;;;
"декларация одежды собственного производства";63;5;4;17;2;1;0;0;"30";9000000;0;0;;;;;;;;;;;;;;;;;;;;;;;;;;;;;;;;;;;;;;;;;;;;;;;;;;;;;;;;;;;;;;;;;;;;;;;;;;;;;;;;;;;;;;;;;;;;;;;;;;;;;;
"подлежит ли сертификации одежда";63;4;4;48;3;15;4;2;"30";13000000;0;0;;;;;;;;;;;;;;;;;;;;;;;;;;;;;;;;;;;;;;;;;;;;;;;;;;;;;;;;;;;;;;;;;;;;;;;;;;;;;;;;;;;;;;;;;;;;;;;;;;;;;;
"декларации на женскую одежду";62;6;4;20;0;1;0;0;"30";10000000;0;0;;;;;;;;;;;;;;;;;;;;;;;;;;;;;;;;;;;;;;;;;;;;;;;;;;;;;;;;;;;;;;;;;;;;;;;;;;;;;;;;;;;;;;;;;;;;;;;;;;;;;;
"сертификаты на одежду";62;6;3;2244;20;512;24;2;"2710";17000000;0;0;;;;;;;;;;;;;;;;;;;;;;;;;;;;;;;;;;;;;;;;;;;;;;;;;;;;;;;;;;;;;;;;;;;;;;;;;;;;;;;;;;;;;;;;;;;;;;;;;;;;;;
"сертификация одежды 2 слой";62;6;4;14;1;2;1;1;"30";26000000;0;0;;;;;;;;;;;;;;;;;;;;;;;;;;;;;;;;;;;;;;;;;;;;;;;;;;;;;;;;;;;;;;;;;;;;;;;;;;;;;;;;;;;;;;;;;;;;;;;;;;;;;;
"как сертифицировать одежду собственного производства";62;6;5;12;4;8;4;4;"30";7000000;0;0;;;;;;;;;;;;;;;;;;;;;;;;;;;;;;;;;;;;;;;;;;;;;;;;;;;;;;;;;;;;;;;;;;;;;;;;;;;;;;;;;;;;;;;;;;;;;;;;;;;;;;
"сертификат соответствия на одежду";62;7;4;315;74;61;13;12;"11190";18000000;0;0;;;;;;;;;;;;;;;;;;;;;;;;;;;;;;;;;;;;;;;;;;;;;;;;;;;;;;;;;;;;;;;;;;;;;;;;;;;;;;;;;;;;;;;;;;;;;;;;;;;;;;
"декларация на одежду";61;6;3;398;13;130;9;5;"30";7000000;0;0;;;;;;;;;;;;;;;;;;;;;;;;;;;;;;;;;;;;;;;;;;;;;;;;;;;;;;;;;;;;;;;;;;;;;;;;;;;;;;;;;;;;;;;;;;;;;;;;;;;;;;
"сертификат соответствия на одежду как получить";61;5;6;48;35;3;3;3;"13960";19000000;0;0;;;;;;;;;;;;;;;;;;;;;;;;;;;;;;;;;;;;;;;;;;;;;;;;;;;;;;;;;;;;;;;;;;;;;;;;;;;;;;;;;;;;;;;;;;;;;;;;;;;;;;
"сертификат на одежду";59;6;3;2244;59;512;23;21;"2710";8000000;0;0;;;;;;;;;;;;;;;;;;;;;;;;;;;;;;;;;;;;;;;;;;;;;;;;;;;;;;;;;;;;;;;;;;;;;;;;;;;;;;;;;;;;;;;;;;;;;;;;;;;;;;
"какие сертификаты нужны на одежду";59;5;5;49;1;7;1;1;"30";12000000;0;0;;;;;;;;;;;;;;;;;;;;;;;;;;;;;;;;;;;;;;;;;;;;;;;;;;;;;;;;;;;;;;;;;;;;;;;;;;;;;;;;;;;;;;;;;;;;;;;;;;;;;;
"нужен ли сертификат соответствия на одежду";58;5;6;9;0;3;0;0;"30";18000000;0;0;;;;;;;;;;;;;;;;;;;;;;;;;;;;;;;;;;;;;;;;;;;;;;;;;;;;;;;;;;;;;;;;;;;;;;;;;;;;;;;;;;;;;;;;;;;;;;;;;;;;;;
"как получить сертификат на одежду";58;6;5;199;8;19;1;1;"30";17000000;0;0;;;;;;;;;;;;;;;;;;;;;;;;;;;;;;;;;;;;;;;;;;;;;;;;;;;;;;;;;;;;;;;;;;;;;;;;;;;;;;;;;;;;;;;;;;;;;;;;;;;;;;
"как сделать сертификат на одежду";56;6;5;25;1;7;1;1;"30";16000000;0;0;;;;;;;;;;;;;;;;;;;;;;;;;;;;;;;;;;;;;;;;;;;;;;;;;;;;;;;;;;;;;;;;;;;;;;;;;;;;;;;;;;;;;;;;;;;;;;;;;;;;;;
"декларирование одежды";56;6;2;95;4;30;3;3;"30";4000000;0;0;;;;;;;;;;;;;;;;;;;;;;;;;;;;;;;;;;;;;;;;;;;;;;;;;;;;;;;;;;;;;;;;;;;;;;;;;;;;;;;;;;;;;;;;;;;;;;;;;;;;;;
"как сертифицировать одежду";56;5;3;32;2;6;0;0;"30";6000000;0;0;;;;;;;;;;;;;;;;;;;;;;;;;;;;;;;;;;;;;;;;;;;;;;;;;;;;;;;;;;;;;;;;;;;;;;;;;;;;;;;;;;;;;;;;;;;;;;;;;;;;;;
"декларация соответствия на одежду второго слоя";56;5;6;19;4;3;1;1;"30";28000000;0;0;;;;;;;;;;;;;;;;;;;;;;;;;;;;;;;;;;;;;;;;;;;;;;;;;;;;;;;;;;;;;;;;;;;;;;;;;;;;;;;;;;;;;;;;;;;;;;;;;;;;;;
"сделать сертификат на одежду";54;5;4;59;4;17;5;3;"30";21000000;0;0;;;;;;;;;;;;;;;;;;;;;;;;;;;;;;;;;;;;;;;;;;;;;;;;;;;;;;;;;;;;;;;;;;;;;;;;;;;;;;;;;;;;;;;;;;;;;;;;;;;;;;
"что нужно для сертификации одежды";54;5;5;1;1;0;0;0;"30";12000000;0;0;;;;;;;;;;;;;;;;;;;;;;;;;;;;;;;;;;;;;;;;;;;;;;;;;;;;;;;;;;;;;;;;;;;;;;;;;;;;;;;;;;;;;;;;;;;;;;;;;;;;;;
"сертификат на одежду собственного производства цена";53;6;6;2;2;2;2;2;"30";26000000;0;2;;;;;;;;;;;;;;;;;;;;;;;;;;;;;;;;;;;;;;;;;;;;;;;;;;;;;;;;;;;;;;;;;;;;;;;;;;;;;;;;;;;;;;;;;;;;;;;;;;;;;;
"декларация соответствия на одежду для ип";53;5;6;7;3;2;1;1;"30";19000000;0;0;;;;;;;;;;;;;;;;;;;;;;;;;;;;;;;;;;;;;;;;;;;;;;;;;;;;;;;;;;;;;;;;;;;;;;;;;;;;;;;;;;;;;;;;;;;;;;;;;;;;;;
"декларация одежда";53;5;2;632;1;191;3;1;"30";6000000;0;0;;;;;;;;;;;;;;;;;;;;;;;;;;;;;;;;;;;;;;;;;;;;;;;;;;;;;;;;;;;;;;;;;;;;;;;;;;;;;;;;;;;;;;;;;;;;;;;;;;;;;;
"как проходит сертификация одежды";53;5;4;8;1;0;1;0;"30";11000000;0;0;;;;;;;;;;;;;;;;;;;;;;;;;;;;;;;;;;;;;;;;;;;;;;;;;;;;;;;;;;;;;;;;;;;;;;;;;;;;;;;;;;;;;;;;;;;;;;;;;;;;;;
"сертификат одежды";52;6;2;5474;2;928;8;0;"1360";15000000;0;0;;;;;;;;;;;;;;;;;;;;;;;;;;;;;;;;;;;;;;;;;;;;;;;;;;;;;;;;;;;;;;;;;;;;;;;;;;;;;;;;;;;;;;;;;;;;;;;;;;;;;;
"нужен ли сертификат на одежду";52;4;5;156;5;31;7;2;"1230";16000000;0;0;;;;;;;;;;;;;;;;;;;;;;;;;;;;;;;;;;;;;;;;;;;;;;;;;;;;;;;;;;;;;;;;;;;;;;;;;;;;;;;;;;;;;;;;;;;;;;;;;;;;;;
"нужна ли сертификация на одежду";51;4;5;38;7;13;3;3;"3510";15000000;0;0;;;;;;;;;;;;;;;;;;;;;;;;;;;;;;;;;;;;;;;;;;;;;;;;;;;;;;;;;;;;;;;;;;;;;;;;;;;;;;;;;;;;;;;;;;;;;;;;;;;;;;
"сертификат соответствия на одежду стоимость";50;5;5;3;1;1;0;0;"3750";12000000;0;0;;;;;;;;;;;;;;;;;;;;;;;;;;;;;;;;;;;;;;;;;;;;;;;;;;;;;;;;;;;;;;;;;;;;;;;;;;;;;;;;;;;;;;;;;;;;;;;;;;;;;;
"подлежит ли одежда обязательной сертификации 2020";50;4;6;1;1;0;1;0;"30";25000000;0;0;;;;;;;;;;;;;;;;;;;;;;;;;;;;;;;;;;;;;;;;;;;;;;;;;;;;;;;;;;;;;;;;;;;;;;;;;;;;;;;;;;;;;;;;;;;;;;;;;;;;;;
"одежда декларация соответствия";50;5;3;361;1;61;1;1;"30";17000000;0;0;;;;;;;;;;;;;;;;;;;;;;;;;;;;;;;;;;;;;;;;;;;;;;;;;;;;;;;;;;;;;;;;;;;;;;;;;;;;;;;;;;;;;;;;;;;;;;;;;;;;;;
"где получить сертификаты на одежду";50;5;5;18;1;5;1;1;"30";24000000;0;0;;;;;;;;;;;;;;;;;;;;;;;;;;;;;;;;;;;;;;;;;;;;;;;;;;;;;;;;;;;;;;;;;;;;;;;;;;;;;;;;;;;;;;;;;;;;;;;;;;;;;;
"сертификация одежды собственного производства цена";49;5;5;38;35;4;3;4;"8310";22000000;0;0;;;;;;;;;;;;;;;;;;;;;;;;;;;;;;;;;;;;;;;;;;;;;;;;;;;;;;;;;;;;;;;;;;;;;;;;;;;;;;;;;;;;;;;;;;;;;;;;;;;;;;
"сертификация домашней одежды";49;5;3;5;3;1;0;0;"30";18000000;0;0;;;;;;;;;;;;;;;;;;;;;;;;;;;;;;;;;;;;;;;;;;;;;;;;;;;;;;;;;;;;;;;;;;;;;;;;;;;;;;;;;;;;;;;;;;;;;;;;;;;;;;
"сертификат на первый слой одежды";48;5;5;9;3;7;0;3;"3230";31000000;0;0;;;;;;;;;;;;;;;;;;;;;;;;;;;;;;;;;;;;;;;;;;;;;;;;;;;;;;;;;;;;;;;;;;;;;;;;;;;;;;;;;;;;;;;;;;;;;;;;;;;;;;
"декларация на одежду второго слоя";48;5;5;13;0;6;0;0;"30";28000000;0;0;;;;;;;;;;;;;;;;;;;;;;;;;;;;;;;;;;;;;;;;;;;;;;;;;;;;;;;;;;;;;;;;;;;;;;;;;;;;;;;;;;;;;;;;;;;;;;;;;;;;;;
"сертификация спецодежды обязательна ли";48;4;4;12;2;2;0;0;"30";15000000;0;0;;;;;;;;;;;;;;;;;;;;;;;;;;;;;;;;;;;;;;;;;;;;;;;;;;;;;;;;;;;;;;;;;;;;;;;;;;;;;;;;;;;;;;;;;;;;;;;;;;;;;;
"сколько стоит сертификат на одежду";47;5;5;42;3;8;3;2;"8010";17000000;0;0;;;;;;;;;;;;;;;;;;;;;;;;;;;;;;;;;;;;;;;;;;;;;;;;;;;;;;;;;;;;;;;;;;;;;;;;;;;;;;;;;;;;;;;;;;;;;;;;;;;;;;
"одежда с сертификатами";43;5;3;269;2;52;0;0;"30";14000000;0;0;;;;;;;;;;;;;;;;;;;;;;;;;;;;;;;;;;;;;;;;;;;;;;;;;;;;;;;;;;;;;;;;;;;;;;;;;;;;;;;;;;;;;;;;;;;;;;;;;;;;;;
"сертификация одежды москва";43;5;3;11;1;4;0;0;"30";13000000;0;0;;;;;;;;;;;;;;;;;;;;;;;;;;;;;;;;;;;;;;;;;;;;;;;;;;;;;;;;;;;;;;;;;;;;;;;;;;;;;;;;;;;;;;;;;;;;;;;;;;;;;;
"сколько стоит сертификация одежды";43;5;4;31;6;11;2;2;"6010";22000000;0;0;;;;;;;;;;;;;;;;;;;;;;;;;;;;;;;;;;;;;;;;;;;;;;;;;;;;;;;;;;;;;;;;;;;;;;;;;;;;;;;;;;;;;;;;;;;;;;;;;;;;;;
"стоимость декларации соответствия на одежду";41;5;5;12;3;4;3;3;"30";20000000;0;0;;;;;;;;;;;;;;;;;;;;;;;;;;;;;;;;;;;;;;;;;;;;;;;;;;;;;;;;;;;;;;;;;;;;;;;;;;;;;;;;;;;;;;;;;;;;;;;;;;;;;;
"какие сертификаты нужны для продажи одежды";41;4;6;17;3;8;0;0;"30";17000000;0;0;;;;;;;;;;;;;;;;;;;;;;;;;;;;;;;;;;;;;;;;;;;;;;;;;;;;;;;;;;;;;;;;;;;;;;;;;;;;;;;;;;;;;;;;;;;;;;;;;;;;;;
"декларация соответствия одежда";40;4;3;361;2;61;1;0;"30";6000000;0;0;;;;;;;;;;;;;;;;;;;;;;;;;;;;;;;;;;;;;;;;;;;;;;;;;;;;;;;;;;;;;;;;;;;;;;;;;;;;;;;;;;;;;;;;;;;;;;;;;;;;;;
"стоимость сертификации одежды";40;5;3;47;3;6;1;0;"30";18000000;0;0;;;;;;;;;;;;;;;;;;;;;;;;;;;;;;;;;;;;;;;;;;;;;;;;;;;;;;;;;;;;;;;;;;;;;;;;;;;;;;;;;;;;;;;;;;;;;;;;;;;;;;
"сертификат на производство одежды";39;4;4;109;4;29;4;4;"30";19000000;0;0;;;;;;;;;;;;;;;;;;;;;;;;;;;;;;;;;;;;;;;;;;;;;;;;;;;;;;;;;;;;;;;;;;;;;;;;;;;;;;;;;;;;;;;;;;;;;;;;;;;;;;
"одежда первого слоя";38;3;3;161;12;41;3;2;"30";23000000;0;0;;;;;;;;;;;;;;;;;;;;;;;;;;;;;;;;;;;;;;;;;;;;;;;;;;;;;;;;;;;;;;;;;;;;;;;;;;;;;;;;;;;;;;;;;;;;;;;;;;;;;;
"одежда 1 слоя это";37;3;4;10;1;1;0;0;"30";23000000;0;0;;;;;;;;;;;;;;;;;;;;;;;;;;;;;;;;;;;;;;;;;;;;;;;;;;;;;;;;;;;;;;;;;;;;;;;;;;;;;;;;;;;;;;;;;;;;;;;;;;;;;;
"декларация соответствия на одежду";37;3;4;167;20;54;11;11;"4010";16000000;0;0;;;;;;;;;;;;;;;;;;;;;;;;;;;;;;;;;;;;;;;;;;;;;;;;;;;;;;;;;;;;;;;;;;;;;;;;;;;;;;;;;;;;;;;;;;;;;;;;;;;;;;
"получить декларацию соответствия на одежду";36;4;5;16;1;0;0;0;"30";20000000;0;0;;;;;;;;;;;;;;;;;;;;;;;;;;;;;;;;;;;;;;;;;;;;;;;;;;;;;;;;;;;;;;;;;;;;;;;;;;;;;;;;;;;;;;;;;;;;;;;;;;;;;;
"сертификаты на одежду цена";35;4;4;52;2;24;2;0;"2460";19000000;0;0;;;;;;;;;;;;;;;;;;;;;;;;;;;;;;;;;;;;;;;;;;;;;;;;;;;;;;;;;;;;;;;;;;;;;;;;;;;;;;;;;;;;;;;;;;;;;;;;;;;;;;
"сертификаты на одежду москва";34;4;4;48;1;30;0;1;"30";14000000;0;0;;;;;;;;;;;;;;;;;;;;;;;;;;;;;;;;;;;;;;;;;;;;;;;;;;;;;;;;;;;;;;;;;;;;;;;;;;;;;;;;;;;;;;;;;;;;;;;;;;;;;;
"сертификация одежды стоимость";34;4;3;62;3;12;3;3;"30";18000000;0;0;;;;;;;;;;;;;;;;;;;;;;;;;;;;;;;;;;;;;;;;;;;;;;;;;;;;;;;;;;;;;;;;;;;;;;;;;;;;;;;;;;;;;;;;;;;;;;;;;;;;;;
"сертификат на одежду купить";31;4;4;92;2;36;3;2;"30";26000000;0;0;;;;;;;;;;;;;;;;;;;;;;;;;;;;;;;;;;;;;;;;;;;;;;;;;;;;;;;;;;;;;;;;;;;;;;;;;;;;;;;;;;;;;;;;;;;;;;;;;;;;;;
"сертификат соответствия на одежду цена";30;4;5;8;4;7;5;4;"2730";20000000;0;0;;;;;;;;;;;;;;;;;;;;;;;;;;;;;;;;;;;;;;;;;;;;;;;;;;;;;;;;;;;;;;;;;;;;;;;;;;;;;;;;;;;;;;;;;;;;;;;;;;;;;;
"спортивная одежда сертификация";30;3;3;16;1;2;1;0;"30";10000000;0;0;;;;;;;;;;;;;;;;;;;;;;;;;;;;;;;;;;;;;;;;;;;;;;;;;;;;;;;;;;;;;;;;;;;;;;;;;;;;;;;;;;;;;;;;;;;;;;;;;;;;;;
"сертификат на трикотажные изделия";29;3;4;9;1;2;1;0;"30";6000000;0;0;;;;;;;;;;;;;;;;;;;;;;;;;;;;;;;;;;;;;;;;;;;;;;;;;;;;;;;;;;;;;;;;;;;;;;;;;;;;;;;;;;;;;;;;;;;;;;;;;;;;;;
"сертификат на одежду цена";29;4;4;52;1;24;0;0;"2460";21000000;0;0;;;;;;;;;;;;;;;;;;;;;;;;;;;;;;;;;;;;;;;;;;;;;;;;;;;;;;;;;;;;;;;;;;;;;;;;;;;;;;;;;;;;;;;;;;;;;;;;;;;;;;
"купить сертификат на одежду";29;4;4;92;1;36;3;1;"30";26000000;0;0;;;;;;;;;;;;;;;;;;;;;;;;;;;;;;;;;;;;;;;;;;;;;;;;;;;;;;;;;;;;;;;;;;;;;;;;;;;;;;;;;;;;;;;;;;;;;;;;;;;;;;
"сертификация одежды цена";29;3;3;88;19;10;0;0;"30";24000000;0;0;;;;;;;;;;;;;;;;;;;;;;;;;;;;;;;;;;;;;;;;;;;;;;;;;;;;;;;;;;;;;;;;;;;;;;;;;;;;;;;;;;;;;;;;;;;;;;;;;;;;;;
"как получить сертификат на одежду для продажи";26;3;7;1;1;0;2;0;"30";25000000;0;0;;;;;;;;;;;;;;;;;;;;;;;;;;;;;;;;;;;;;;;;;;;;;;;;;;;;;;;;;;;;;;;;;;;;;;;;;;;;;;;;;;;;;;;;;;;;;;;;;;;;;;
"декларация соответствия на одежду цена";18;3;5;8;5;2;1;0;"30";26000000;0;1;;;;;;;;;;;;;;;;;;;;;;;;;;;;;;;;;;;;;;;;;;;;;;;;;;;;;;;;;;;;;;;;;;;;;;;;;;;;;;;;;;;;;;;;;;;;;;;;;;;;;;
