"ключ";"наличие витального сайта";"конкуренция";"просмотры";"хвосты";"директ: спец.размещение";"директ: 1 место";"директ: гарантированные показы"
"сертификация одежды";;25;215;2785;363,3;139,2;106,8
"сертификация детской одежды";;;;;;;
"производство одежды сертификация";;6;13;396;333,9;142,3;137,7
"обязательная сертификация одежды";;11;10;382;352,3;50,7;43,1
"сертификация одежды собственного производства";;10;88;272;354,3;151,1;147,1
"одежда подлежит сертификации";;5;8;292;194,2;39,5;26,8
"сертификация одежды стоимость";;4;31;186;341,9;120,8;106,7
"сертификация одежды цена";;13;55;133;381,5;125,1;79,3
"стоимость сертификации детской одежды";;4;66;97;332;105;105
"одежда подлежит обязательной сертификации";;10;17;140;444,5;33,8;21,6
"производство детской одежды сертификация";;4;3;152;254,6;127,4;127,4
"декларирование сертификация одежды";;;;;;;
"сертификация детской одежды собственного производства";;4;23;122;276,1;151,7;151,7
"сертификация одежды в россии";;11;11;125;221,7;73,5;55,1
"подлежит ли сертификации одежда";;3;20;99;465,9;25,9;25,9
"обязательна ли сертификация одежды";;4;14;91;531,5;29,5;29,5
"сертификация детской одежды в россии";;8;31;67;232,3;78,7;71,4
"нужна ли сертификация на одежду";;4;27;63;236,2;50,3;31
"какая одежда подлежит сертификации";;4;18;62;328,9;43,6;26,6
"сертификация одежды собственного производства цена";"!";16;43;32;329,6;81,5;69,3
"бесплатная сертификация одежды";;2;1;72;4442,3;40,8;28
"подлежит ли одежда обязательной сертификации";;6;25;44;498,9;21,3;21,3
"обязательная сертификация детской одежды";;11;36;33;114,6;31,7;19,2
"сертификация одежды для детей";;10;41;22;346,8;78,7;24,5
"сертификация детской одежды цена";;2;25;36;223,4;199,4;100
"сертификация детской одежды собственного производства стоимость";;2;57;2;390,8;132,6;132,6
"сколько стоит сертификация одежды";;2;18;39;178,2;736,9;736,9
"как происходит сертификация одежды";"!";3;0;52;1127,6;53,5;53,5
"сертификация одежды 2021";;1;3;48;362;113,5;91,6
"сертификация одежды для вайлдберриз";"!";5;26;23;386,6;383;383
"как происходит сертификация органической одежды";;1;48;0;1127,6;53,5;53,5
"сертификация медицинской одежды";;6;12;33;248,3;160,5;29,2
"сертификация женской одежды";;8;13;32;211,3;121,3;120,1
"сертификация верхней одежды";;1;9;33;133,6;16,4;14,9
"детская одежда подлежит сертификации";;2;8;33;64,4;22,1;17,9
"сертификация одежды из китая";;5;8;32;218,1;44,9;40,8
"какая одежда подлежит обязательной сертификации";;6;21;18;327,2;20,1;10,3
"сертификация одежды для ип";;2;18;18;222;108,6;108,6
"сертификация детской одежды собственного производства в россии";;2;9;26;176,5;66,7;66,7
"сертификация спортивной одежды";;;;;;;
"стоимость сертификации одежды в россии";;6;2;27;258,8;66,6;66,6
"сертификация детской одежды собственного производства цена";;1;5;23;141,3;49,9;49,7
"сертификация одежды москва";;4;2;26;510,4;197,9;197,9
"сколько стоит сертификация детской одежды";;1;15;13;141,4;103,2;63,1
"сертификация детской одежды в россии стоимость";;2;26;0;278,5;67,5;67,5
"сертификация первого слоя одежды";;1;8;17;445,2;41,6;41,6
"сертификация одежды 1 слоя";;2;11;12;324,6;171,3;171,3
"как получить сертификацию на одежду";"!";6;9;12;326,5;130,1;130,1
"центр сертификации одежды";;1;5;15;727,6;187,5;187,5
"одежда для собак сертификация";;7;5;15;84,5;114,5;60,3
